{
    "setKey": {
        "key": "!",
        "status": false
    },
    "autoJoin": {
        "status": true,
        "ticket": false,
        "message": "Thx for Invite Me @!",
        "reply": true
    },
    "restartPoint": {},
    "restartBot": {},
    "userAgent": {},
    "keyCommand": "",
    "autoAdd": true,
    "autoJoin": true,
    "autoReject": false,
    "autoLeave": false,
    "autoRead": false,
    "server": {},
    "changePicture": false,
    "changeGroupPicture": false,
    "autoJoinTicket": true,
    "Img": {},
    "Images": {},
    "Addimage": false,
    "PKAdmin": {},
    "PKGfoto": {},
    "PKSDadmin": false,
    "PKSDstaff": false,
    "PKSadmin": false,
    "PKSstaff": false,
    "PKStaff": {},
    "PKautojoin": true,
    "PKautoread": false,
    "PKautoscan": false,
    "PKblacklist": {},
    "PKdblacklist": false,
    "PKfoto": {},
    "PKgreet": {},
    "PKlimit": 1,
    "PKmessage": "Hallo...",
    "PKmessage1": "Minat? Chat http://line.me/ti/p/~antares_zonk",
    "PKprotcancel": {},
    "PKprotinvite": {},
    "PKprotkick": {},
    "PKprotqr": {},
    "PKreadMember": {},
    "PKreadPoint": {},
    "PKwblacklist": false,
    "restartPoint": null
}
